clip_id,class_name,label,prediction,confidence,correct
barbell biceps curl|num_170,barbell biceps curl,0,0,0.853527307510376,True
barbell biceps curl|num_240,barbell biceps curl,0,0,0.8299209475517273,True
barbell biceps curl|num_260,barbell biceps curl,0,0,0.8467146754264832,True
barbell biceps curl|num_280,barbell biceps curl,0,0,0.8725690245628357,True
barbell biceps curl|num_30,barbell biceps curl,0,0,0.8304543495178223,True
barbell biceps curl|num_310,barbell biceps curl,0,0,0.8718819618225098,True
barbell biceps curl|num_340,barbell biceps curl,0,0,0.8801879286766052,True
barbell biceps curl|num_620,barbell biceps curl,0,0,0.8774746060371399,True
bench press|num_160,bench press,1,1,0.705323338508606,True
bench press|num_180,bench press,1,1,0.5905947685241699,True
bench press|num_260,bench press,1,1,0.8789595365524292,True
bench press|num_30,bench press,1,1,0.4429444968700409,True
bench press|num_300,bench press,1,1,0.7546870708465576,True
bench press|num_450,bench press,1,1,0.8823726177215576,True
bench press|num_470,bench press,1,1,0.8667340874671936,True
bench press|num_70,bench press,1,7,0.8092036247253418,False
chest fly machine|g23,chest fly machine,2,2,0.8855671882629395,True
chest fly machine|g5,chest fly machine,2,2,0.8286227583885193,True
chest fly machine|num_120,chest fly machine,2,2,0.9060981869697571,True
chest fly machine|num_170,chest fly machine,2,2,0.9151597023010254,True
chest fly machine|num_210,chest fly machine,2,2,0.9377285242080688,True
chest fly machine|num_240,chest fly machine,2,2,0.6778215169906616,True
deadlift|num_140,deadlift,3,3,0.9135738015174866,True
deadlift|num_20,deadlift,3,3,0.8776625990867615,True
deadlift|num_310,deadlift,3,3,0.8700112104415894,True
deadlift|num_320,deadlift,3,19,0.4613061547279358,False
deadlift|num_60,deadlift,3,3,0.8969946503639221,True
decline bench press|g1,decline bench press,4,7,0.6035487651824951,False
decline bench press|g19,decline bench press,4,4,0.8771420121192932,True
decline bench press|g6,decline bench press,4,4,0.9016172289848328,True
hammer curl|g1,hammer curl,5,5,0.9167800545692444,True
hammer curl|g12,hammer curl,5,20,0.44533878564834595,False
hammer curl|g3,hammer curl,5,21,0.8766562342643738,False
hammer curl|num_130,hammer curl,5,5,0.9212445616722107,True
hammer curl|num_190,hammer curl,5,5,0.9390479326248169,True
hip thrust|g1,hip thrust,6,6,0.3275029957294464,True
hip thrust|g19,hip thrust,6,1,0.5050953030586243,False
hip thrust|num_20,hip thrust,6,15,0.40185198187828064,False
hip thrust|num_30,hip thrust,6,6,0.8579383492469788,True
incline bench press|g22,incline bench press,7,7,0.8959222435951233,True
incline bench press|g24,incline bench press,7,7,0.8729875683784485,True
incline bench press|g27,incline bench press,7,7,0.4668428599834442,True
incline bench press|g4,incline bench press,7,19,0.8780234456062317,False
incline bench press|num_200,incline bench press,7,7,0.6854726076126099,True
incline bench press|num_240,incline bench press,7,7,0.8940860033035278,True
incline bench press|num_330,incline bench press,7,7,0.4605630040168762,True
lat pulldown|num_170,lat pulldown,8,8,0.8270893096923828,True
lat pulldown|num_180,lat pulldown,8,8,0.8216380476951599,True
lat pulldown|num_250,lat pulldown,8,8,0.8528630137443542,True
lat pulldown|num_30,lat pulldown,8,8,0.8972236514091492,True
lat pulldown|num_330,lat pulldown,8,8,0.48763447999954224,True
lat pulldown|num_380,lat pulldown,8,8,0.6498220562934875,True
lat pulldown|num_90,lat pulldown,8,8,0.8761457800865173,True
lateral raises|g1,lateral raises,9,9,0.5881649851799011,True
lateral raises|g17,lateral raises,9,9,0.2446286529302597,True
lateral raises|g22,lateral raises,9,5,0.5790802240371704,False
lateral raises|g29,lateral raises,9,9,0.6501042246818542,True
lateral raises|num_300,lateral raises,9,9,0.8808872103691101,True
lateral raises|num_330,lateral raises,9,9,0.8516573905944824,True
lateral raises|num_50,lateral raises,9,9,0.8602715134620667,True
leg extension|g1,leg extension,10,10,0.39637601375579834,True
leg extension|g19,leg extension,10,10,0.5200031995773315,True
leg extension|g24,leg extension,10,10,0.8366326689720154,True
leg extension|g3,leg extension,10,10,0.8988285660743713,True
leg extension|g6,leg extension,10,10,0.8934226632118225,True
leg raises|g15,leg raises,11,11,0.7874629497528076,True
leg raises|g17,leg raises,11,7,0.15480810403823853,False
leg raises|num_170,leg raises,11,11,0.5823049545288086,True
leg raises|num_80,leg raises,11,11,0.9210606813430786,True
plank|g19,plank,12,12,0.9235793352127075,True
plank|g2,plank,12,12,0.9253597259521484,True
plank|g8,plank,12,12,0.8720888495445251,True
pull up|num_130,pull up,13,13,0.920803964138031,True
pull up|num_20,pull up,13,13,0.926635205745697,True
pull up|num_200,pull up,13,13,0.6097649335861206,True
pull up|num_210,pull up,13,11,0.20363730192184448,False
pull up|num_60,pull up,13,13,0.9132748246192932,True
push up|num_140,push up,14,14,0.9021894335746765,True
push up|num_190,push up,14,14,0.47151073813438416,True
push up|num_30,push up,14,14,0.9111850261688232,True
push up|num_310,push up,14,14,0.6925082802772522,True
push up|num_500,push up,14,12,0.9194367527961731,False
romanian deadlift|num_120,romanian deadlift,15,15,0.9386925101280212,True
romanian deadlift|num_20,romanian deadlift,15,15,0.9676113724708557,True
russian twist|g8,russian twist,16,16,0.9256901741027832,True
russian twist|g9,russian twist,16,16,0.9131565093994141,True
russian twist|num_130,russian twist,16,16,0.5858238935470581,True
shoulder press|g22,shoulder press,17,17,0.6972239017486572,True
shoulder press|g8,shoulder press,17,2,0.5514171719551086,False
shoulder press|num_160,shoulder press,17,17,0.36378827691078186,True
shoulder press|num_50,shoulder press,17,17,0.5179440379142761,True
squat|num_250,squat,18,18,0.9340739250183105,True
squat|num_40,squat,18,18,0.8086627721786499,True
squat|num_50,squat,18,18,0.8977777361869812,True
t bar row|g5,t bar row,19,19,0.8586737513542175,True
t bar row|num_10,t bar row,19,19,0.9182392954826355,True
t bar row|num_50,t bar row,19,19,0.846537172794342,True
t bar row|num_70,t bar row,19,19,0.9019492864608765,True
tricep dips|g17,tricep dips,20,20,0.5861162543296814,True
tricep dips|num_160,tricep dips,20,20,0.8801019191741943,True
tricep dips|num_60,tricep dips,20,20,0.9105371236801147,True
tricep dips|num_90,tricep dips,20,20,0.888434648513794,True
tricep pushdown|num_120,tricep pushdown,21,21,0.8092924356460571,True
tricep pushdown|num_150,tricep pushdown,21,21,0.8375331163406372,True
tricep pushdown|num_170,tricep pushdown,21,21,0.8777063488960266,True
tricep pushdown|num_180,tricep pushdown,21,21,0.8249677419662476,True
tricep pushdown|num_20,tricep pushdown,21,21,0.8529444336891174,True
tricep pushdown|num_230,tricep pushdown,21,21,0.8547562956809998,True
tricep pushdown|num_240,tricep pushdown,21,21,0.8563392758369446,True
tricep pushdown|num_320,tricep pushdown,21,21,0.8904977440834045,True
tricep pushdown|num_360,tricep pushdown,21,21,0.8589065670967102,True
